Task ID,Week,Stream,Task,Assignee,Status,Start Date,End Date,Dependencies,Notes
W1-S1-T1,1,Core Functionality,Complete ReliableOrderExecutor implementation,Alex (Senior Backend Developer),In Progress,5/12/2025,5/16/2025,,Critical for reliable trading operations
W1-S1-T2,1,Core Functionality,Implement monitoring decorators for all critical functions,Maria (DevOps Engineer),In Progress,5/12/2025,5/16/2025,W1-S1-T1,Enables system monitoring and alerting
W1-S1-T3,1,Core Functionality,Finalize circuit breaker pattern implementation,Alex (Senior Backend Developer),In Progress,5/12/2025,5/17/2025,W1-S1-T1,Prevents cascading failures
W1-S1-T4,1,Core Functionality,Implement reconciliation job for order verification,Priya (Backend Developer),In Progress,5/13/2025,5/19/2025,W1-S1-T1,Ensures order execution accuracy
W1-S2-T1,1,Testing Framework,Set up test coverage reporting,James (QA Engineer),In Progress,5/12/2025,5/15/2025,,Foundation for quality assurance
W1-S2-T2,1,Testing Framework,Implement unit tests for auth service,Chen (Security Specialist),In Progress,5/12/2025,5/16/2025,W1-S2-T1,Validates authentication functionality
W1-S2-T3,1,Testing Framework,Implement unit tests for trading strategies,James (QA Engineer),In Progress,5/13/2025,5/17/2025,W1-S2-T1,Ensures strategy logic correctness
W1-S2-T4,1,Testing Framework,Implement unit tests for API routes,Priya (Backend Developer),In Progress,5/14/2025,5/19/2025,W1-S2-T1,Validates API functionality
W2-S1-T1,2,Core Functionality,Configure alerting system for execution failures,Backend Developer,Not Started,,,W1-S1-T2,
W2-S1-T2,2,Core Functionality,Complete risk management rules integration,Backend Developer,Not Started,,,W1-S1-T1,
W2-S1-T3,2,Core Functionality,Implement position sizing algorithms,Backend Developer,Not Started,,,,
W2-S1-T4,2,Core Functionality,Finalize strategy backtesting framework,Backend Developer,Not Started,,,,
W2-S2-T1,2,Testing Continuation,Implement unit tests for exchange clients,QA Engineer,Not Started,,,W1-S2-T1,
W2-S2-T2,2,Testing Continuation,Create integration tests for database interactions,QA Engineer,Not Started,,,W1-S2-T1,
W2-S2-T3,2,Testing Continuation,Create integration tests for exchange communications,QA Engineer,Not Started,,,W1-S2-T1,
W2-S3-T1,2,Infrastructure Preparation,Create Kubernetes manifests for all services,DevOps Engineer,Not Started,,,,
W2-S3-T2,2,Infrastructure Preparation,Configure multi-AZ deployment,DevOps Engineer,Not Started,,,W2-S3-T1,
W2-S3-T3,2,Infrastructure Preparation,Set up horizontal pod autoscaling,DevOps Engineer,Not Started,,,W2-S3-T1,
W3-S1-T1,3,Infrastructure,Configure ingress controller,DevOps Engineer,Not Started,,,W2-S3-T1,
W3-S1-T2,3,Infrastructure,Set up TimescaleDB for time-series data,DevOps Engineer,Not Started,,,,
W3-S1-T3,3,Infrastructure,Configure continuous aggregates for TimescaleDB,DevOps Engineer,Not Started,,,W3-S1-T2,
W3-S1-T4,3,Infrastructure,Implement data retention policies,DevOps Engineer,Not Started,,,W3-S1-T2,
W3-S2-T1,3,Infrastructure Continuation,Set up Redis for caching and rate limiting,DevOps Engineer,Not Started,,,,
W3-S2-T2,3,Infrastructure Continuation,Configure Istio service mesh,DevOps Engineer,Not Started,,,W2-S3-T1,
W3-S2-T3,3,Infrastructure Continuation,Set up canary deployments,DevOps Engineer,Not Started,,,W3-S2-T2,
W3-S2-T4,3,Infrastructure Continuation,Implement circuit breakers at service level,DevOps Engineer,Not Started,,,W3-S2-T2,
W3-S3-T1,3,Testing Completion,Create integration tests for authentication flows,QA Engineer,Not Started,,,W1-S2-T2,
W3-S3-T2,3,Testing Completion,Implement end-to-end tests for critical user paths,QA Engineer,Not Started,,,W2-S2-T3,
W3-S3-T3,3,Testing Completion,Add paper trading mode,Backend Developer,Not Started,,,W1-S1-T1,
W4-S1-T1,4,Auth Service,Extract Auth Service,Backend Developer,Not Started,,,W1-S2-T2,
W4-S1-T2,4,Auth Service,Implement JWT token service,Security Specialist,Not Started,,,W4-S1-T1,
W4-S1-T3,4,Auth Service,Set up API Gateway integration,DevOps Engineer,Not Started,,,W4-S1-T2,
W4-S1-T4,4,Auth Service,Configure Redis for token blacklist,DevOps Engineer,Not Started,,,W3-S2-T1,W4-S1-T2,
W4-S2-T1,4,Data Service,Decouple Data Service,Backend Developer,Not Started,,,,
W4-S2-T2,4,Data Service,Implement WebSocket streaming,Backend Developer,Not Started,,,W4-S2-T1,
W4-S2-T3,4,Data Service,Set up historical data API,Backend Developer,Not Started,,,W4-S2-T1,
W4-S3-T1,4,Security - Initial,Implement Redis storage for API key persistence,Security Specialist,Not Started,,,W3-S2-T1,
W4-S3-T2,4,Security - Initial,Add scheduled job for automatic key rotation,Security Specialist,Not Started,,,W4-S3-T1,
W5-S1-T1,5,Service Migration,Extract Backtest Service,Backend Developer,Not Started,,,,
W5-S1-T2,5,Service Migration,Extract Trade Execution Service,Backend Developer,Not Started,,,W1-S1-T1,
W5-S1-T3,5,Service Migration,Extract Strategy Service,Backend Developer,Not Started,,,,
W5-S2-T1,5,Security Enhancements,Create notification service for expiring keys,Security Specialist,Not Started,,,W4-S3-T2,
W5-S2-T2,5,Security Enhancements,Implement audit logging for key operations,Security Specialist,Not Started,,,W4-S3-T1,
W5-S2-T3,5,Security Enhancements,Add permission checks for key management,Security Specialist,Not Started,,,W4-S3-T1,
W5-S2-T4,5,Security Enhancements,Implement rate limiting for API endpoints,DevOps Engineer,Not Started,,,W3-S2-T1,
W5-S3-T1,5,Infrastructure Finalization,Configure mutual TLS,DevOps Engineer,Not Started,,,W3-S2-T2,
W5-S3-T2,5,Infrastructure Finalization,Add token blacklist functionality,Security Specialist,Not Started,,,W4-S1-T4,
W5-S3-T3,5,Infrastructure Finalization,Implement concurrent token refresh protection,Security Specialist,Not Started,,,W4-S1-T2,
W6-S1-T1,6,Package Distribution,Configure PyInstaller for standalone executable,DevOps Engineer,Not Started,,,,
W6-S1-T2,6,Package Distribution,Implement dependency management,DevOps Engineer,Not Started,,,W6-S1-T1,
W6-S1-T3,6,Package Distribution,Create build scripts for different platforms,DevOps Engineer,Not Started,,,W6-S1-T1,
W6-S1-T4,6,Package Distribution,Test distribution packages,QA Engineer,Not Started,,,W6-S1-T3,
W6-S2-T1,6,User Experience,Create installer (NSIS/InnoSetup),DevOps Engineer,Not Started,,,W6-S1-T4,
W6-S2-T2,6,User Experience,Develop configuration wizard,Frontend Developer,Not Started,,,,
W6-S2-T3,6,User Experience,Implement first-run setup flow,Frontend Developer,Not Started,,,W6-S2-T2,
W6-S2-T4,6,User Experience,Add logging configuration UI,Frontend Developer,Not Started,,,,
W6-S3-T1,6,Documentation,Write comprehensive user guide,Technical Writer,Not Started,,,,
W6-S3-T2,6,Documentation,Generate API documentation,Technical Writer,Not Started,,,,
W6-S3-T3,6,Documentation,Create troubleshooting guide,Technical Writer,Not Started,,,W6-S3-T1,
W6-S3-T4,6,Documentation,Set up support channels,Technical Writer,Not Started,,,,
W6-S4-T1,6,Final Testing,Perform end-to-end system testing,QA Engineer,Not Started,,,W6-S1-T4,W6-S2-T3,Added to ensure comprehensive testing before release